Name,Price,Market Cap,Volume(24h),Circulating Supply
Bitcoin,"$27,221.41","$527,893,725,016","$236,840,1018,728 BTC","19,392,593 BTC"
Ethereum,"$1,904.11","$228,912,771,983","$116,465,33361,435 ETH","120,220,351 ETH"
Tether,$1.00,"$85,595,284,823","$45,198,06845,184,452 USDT",85.60B USDT
XRP,$0.53,"$52,624,281,573","$9,139,37317,515,220 XRP",99.99B XRP
Binance Coin,$307.17,"$48,498,712,226","$1,037,6153,383 BNB","157,888,831 BNB"
USD Coin,$1.00,"$28,897,868,009","$11,982,13911,985,009 USDC",28.91B USDC
Cardano,$0.38,"$17,145,000,000","$6,196,10516,400,073 ADA",45.00B ADA
Staked Ether,"$1,903.92","$13,440,214,270","$2,542,8461,336 STETH","7,059,234 STETH"
Arbitrum,$1.23,"$12,269,999,999","$2,195,3411,804,042 ARB",10.00B ARB
Solana,$21.77,"$11,956,254,815","$17,616,454823,886 SOL","549,207,846 SOL"
OKB,$46.04,"$11,116,921,248","$23,500510 OKB","241,454,998 OKB"
Dogecoin,$0.07,"$10,159,306,096","$4,477,18361,564,883 DOGE",139.63B DOGE
Aptos,$9.16,"$9,506,824,819","$923,462101,810 APT",1.04B APT
Polygon,$0.90,"$9,019,204,797","$4,311,4534,785,450 MATIC",10.00B MATIC
TRON,$0.08,"$7,370,249,106","$1,238,91515,088,121 TRX",90.19B TRX
Litecoin,$96.18,"$7,028,017,662","$15,502,949161,565 LTC","73,071,508 LTC"
Chainlink,$6.51,"$6,512,000,000","$3,935,484610,447 LINK",1.00B LINK
Optimism,$1.50,"$6,433,861,009","$8,418,7635,654,257 OP",4.29B OP
Polkadot,$5.36,"$6,423,569,299","$1,684,170316,843 DOT",1.20B DOT
WETH,"$1,906.08","$6,350,853,081",$00 WETH,"3,331,900 WETH"
Avalanche,$14.75,"$6,356,218,576","$1,878,492128,468 AVAX","430,930,073 AVAX"
Binance USD,$1.00,"$5,150,102,158","$75,572,09275,563,757 BUSD",5.15B BUSD
Uniswap Protocol Token,$5.11,"$5,113,000,000","$794,442156,130 UNI",1.00B UNI
Shiba Inu,$0.000009,"$5,100,157,310","$3,545,470411,601,030,882 SHIB",589613.56B SHIB
Stellar,$0.09,"$4,617,165,042","$2,296,25824,909,405 XLM",50.00B XLM
Dai,$1.00,"$4,588,547,156","$442,077442,147 DAI",4.59B DAI
BitDAO,$0.52,"$4,824,002,225","$34,77366,455 BIT",9.22B BIT
Wrapped Bitcoin,"$27,248.63","$4,265,182,650","$2,383,31987 WBTC","156,528 WBTC"
Cosmos,$10.82,"$3,757,427,860","$2,295,780214,097 ATOM","347,266,900 ATOM"
ApeCoin,$3.16,"$3,159,000,000","$412,423131,329 APE",1.00B APE
Monero,$149.65,"$2,736,744,506","$4,538,71430,607 XMR","18,287,635 XMR"
Ethereum Classic,$18.21,"$2,572,740,452","$249,85513,763 ETC","141,281,738 ETC"
Hedera Hashgraph,$0.05,"$2,528,500,000","$1,836,40836,475,607 HBAR",50.00B HBAR
Internet Computer,$4.84,"$2,415,910,891","$794,858165,112 ICP","498,948,965 ICP"
Flare,$0.02,"$2,340,411,251","$185,7928,037,750 FLR",101.05B FLR
Lido DAO,$2.31,"$2,308,000,000","$661,051284,867 LDO",1.00B LDO
Bitcoin Cash,$116.48,"$2,260,936,484","$1,713,05814,828 BCH","19,410,512 BCH"
Coinbase Wrapped Staked ETH,"$1,972.66","$2,234,607,250","$597,425303 CBETH","1,132,790 CBETH"
dYdX,$2.11,"$2,113,000,000","$36,37717,469 DYDX",1.00B DYDX
FileCoin,$4.85,"$2,075,058,747","$3,237,261666,815 FIL","428,023,669 FIL"
True USD,$1.00,"$2,049,924,962","$912,167913,113 TUSD",2.05B TUSD
Axie Infinity Shards,$7.20,"$1,943,282,017","$292,79040,680 AXS","270,000,000 AXS"
Near,$1.64,"$1,868,199,744","$366,652225,653 NEAR",1.14B NEAR
Cronos,$0.06,"$1,858,149,041","$1,042,04817,314,291 CRO",30.26B CRO
The Sandbox,$0.58,"$1,741,500,000","$899,0171,577,816 SAND",3.00B SAND
Quant,$117.10,"$1,738,940,137","$921,5517,918 QNT","14,850,044 QNT"
VeChain,$0.02,"$1,725,719,776","$216,34210,875,511 VET",85.99B VET
Curve DAO Token,$0.86,"$1,682,281,827","$942,3581,104,556 CRV",1.96B CRV
Immutable X,$0.83,"$1,659,200,000","$946,5651,177,823 IMX",2.00B IMX
Blur,$0.51,"$1,535,400,000","$1,133,2982,217,964 BLUR",3.00B BLUR
STEPN,$0.27,"$1,484,445,153","$292,1601,080,838 GMT",5.49B GMT
Conflux Network,$0.27,"$1,468,268,213","$501,3241,841,655 CFX",5.39B CFX
MX Token,$3.35,"$1,456,414,016","$62,54318,684 MX","435,084,834 MX"
Render Token,$2.72,"$1,445,448,067","$6,863,5932,582,238 RNDR","531,024,271 RNDR"
The Graph,$0.13,"$1,364,650,609","$1,624,99412,670,517 GRT",10.67B GRT
Xinfin Network,$0.04,"$1,332,742,277","$61,8451,741,097 XDC",37.84B XDC
Gatechain Token,$4.40,"$1,320,600,000",$42897 GT,"300,000,000 GT"
Algorand,$0.15,"$1,159,497,770","$1,036,1706,842,584 ALGO",7.63B ALGO
Decentraland,$0.49,"$1,081,018,090","$517,1411,061,395 MANA",2.19B MANA
Trust Wallet Token,$1.08,"$1,076,797,571","$3,4503,203 TWT","999,668,148 TWT"
KuCoin Token,$7.46,"$1,076,771,658","$22,6493,036 KCS","144,333,502 KCS"
Klaytn,$0.19,"$1,075,223,382","$1,5288,223 KLAY",5.76B KLAY
EOS,$0.92,"$1,061,686,220","$491,072536,588 EOS",1.16B EOS
Flow,$0.73,"$1,049,155,894","$287,773398,451 FLOW",1.44B FLOW
NEO,$10.47,"$1,046,689,267","$46,2074,415 NEO","100,000,000 NEO"
Aave,$64.51,"$1,032,160,000","$1,282,13220,173 AAVE","16,000,000 AAVE"
Fantom,$0.32,"$1,018,857,500","$245,838767,124 FTM",3.17B FTM
Ethereum Name Service,$10.14,"$1,013,938,575","$207,15620,431 ENS","100,000,000 ENS"
Pax Dollar,$1.00,"$1,006,070,301",$825826 USDP,1.01B USDP
Edgecoin,$1.00,"$1,000,000,000","$1,1201,120 EDGT",1.00B EDGT
Frax,$0.99,"$998,635,354","$3,4033,422 FRAX",1.00B FRAX
eGold,$38.95,"$993,877,798","$435,25211,174 EGLD","25,514,246 EGLD"
LUKSO,$10.37,"$1,037,168,717","$47,2304,554 LYXE","100,000,000 LYXE"
Chia,$34.24,"$976,490,148","$5,093149 XCH","28,515,212 XCH"
RocketPool,$52.40,"$1,016,671,457","$266,4025,084 RPL","19,401,717 RPL"
Terra,$0.87,"$945,050,939","$44,38151,719 LUNA",1.09B LUNA
Chiliz,$0.10,"$916,444,444","$123,9941,216,406 CHZ",8.89B CHZ
Tezos,$0.92,"$885,931,184","$434,888476,608 XTZ","961,609,881 XTZ"
Stacks,$0.62,"$860,166,232","$380,995617,456 STX",1.38B STX
Theta Network,$0.85,"$848,200,000","$20,61224,458 THETA",1.00B THETA
Radix,$0.07,"$845,343,043","$57,874859,884 XRD",12.51B XRD
IOS token,$0.0094,"$844,853,607","$3,107330,938 IOST",90.00B IOST
Injective,$7.94,"$794,200,000","$1,341,333169,384 INJ","100,000,000 INJ"
Synthetix,$2.38,"$758,599,565","$217,50792,473 SNX","319,275,911 SNX"
WEMIX,$0.78,"$750,375,787","$7,4329,569 WEMIX","966,124,449 WEMIX"
Hooked Protocol,$1.48,"$740,286,245","$117,49579,358 HOOK","500,000,000 HOOK"
Gala,$0.03,"$720,365,769","$339,88911,296,283 GALA",24.03B GALA
PancakeSwap,$1.75,"$685,476,867","$546,802311,509 CAKE","392,598,435 CAKE"
Stargate Finance,$0.68,"$681,900,000","$9,94414,871 STG",1.00B STG
Maker,$695.94,"$680,356,959","$1,492,6762,180 MKR","977,609 MKR"
NEXO,$0.66,"$663,113,548","$144,771218,320 NEXO",1.00B NEXO
Frax Share,$6.60,"$658,731,872","$7,9481,205 FXS","99,822,984 FXS"
Terra Classic,$0.00009,"$635,021,443","$657,5457,292,435,205 LUNC",6795.31B LUNC
Bitcoin SV,$32.99,"$626,782,513","$25,594776 BSV","18,997,814 BSV"
Huobi Token,$2.99,"$607,276,334","$15,5225,189 HT","203,010,330 HT"
Zero Tech,$0.06,"$581,619,055","$34,211594,151 ZERO",10.10B ZERO
Ocean Protocol,$0.41,"$579,933,000","$885,5222,144,974 OCEAN",1.41B OCEAN
Thorchain,$1.18,"$575,311,427","$460,918389,425 RUNE","486,074,511 RUNE"
Mina Protocol,$0.55,"$575,636,588","$129,055235,358 MINA",1.04B MINA
IOTA,$0.20,"$567,858,037","$113,690554,652 MIOTA",2.78B MIOTA
Kava,$1.02,"$561,180,961","$329,757327,161 KAVA","552,887,646 KAVA"
1inch,$0.37,"$559,500,000","$243,350651,307 1INCH",1.50B 1INCH
Oasis Labs,$0.06,"$558,900,000","$257,7234,696,812 ROSE",10.00B ROSE
Verasity,$0.0051,"$559,973,683","$24,9004,916,890 VRA",110.30B VRA
Gemini Dollar,$0.98,"$562,688,114","$44,89745,587 GUSD","571,332,436 GUSD"
Casper Network,$0.05,"$558,367,201","$31,963687,220 CSPR",11.76B CSPR
WOO Network,$0.25,"$558,400,916","$3,75315,128 WOO",2.25B WOO
Celo,$0.55,"$547,000,000","$111,205201,200 CELO",1.00B CELO
Pepe,$0.000001,"$538,483,072","$28,10021,708,000,000 PEPE",420689.90B PEPE
ZCash,$32.30,"$527,403,081","$290,8869,027 ZEC","16,328,269 ZEC"
eCash,$0.00002,"$520,800,000","$1455,925,294 XEC",21000.00B XEC
PAX Gold,"$1,949.87","$513,734,784","$224,496115 PAXG","263,472 PAXG"
Dash,$43.39,"$490,679,717","$289,9186,682 DASH","11,308,357 DASH"
GMX,$55.78,"$488,927,281","$169,6073,041 GMX","8,765,809 GMX"
Tether Gold,"$1,948.51","$480,354,406","$57,49930 XAUT","246,524 XAUT"
Hashflow,$0.46,"$464,400,000","$352,995757,826 HFT",1.00B HFT
Axelar,$0.44,"$464,419,943","$18,84642,747 AXL",1.07B AXL
VEED,$0.0046,"$462,763,630","$24953,781 VEED",100.00B VEED
Mask Network,$4.49,"$449,000,000","$182,12840,716 MASK","100,000,000 MASK"
Arweave,$6.92,"$447,216,405","$6,057878 AR","64,598,643 AR"
Illuvium,$53.60,"$412,547,028","$3,54966 ILV","7,696,673 ILV"
Convex Finance,$4.22,"$414,695,547","$11,9602,816 CVX","98,292,379 CVX"
Bloktopia,$0.0020,"$395,245,574","$3,4051,719,282 BLOK",199.59B BLOK
Astar,$0.05,"$397,712,092","$5,432109,585 ASTR",7.96B ASTR
Loopring,$0.28,"$385,646,263","$103,983373,478 LRC",1.37B LRC
SingularityNET,$0.30,"$382,421,031","$580,0571,962,142 AGI",1.29B AGI
Multichain,$3.81,"$380,600,000","$25,1766,632 MULTI","100,000,000 MULTI"
APENFT,$0.0000004,"$379,996,200","$922,869,982 NFT",999990.00B NFT
Compound Governance Token,$35.70,"$357,000,000","$135,5913,806 COMP","10,000,000 COMP"
Gnosis,$117.81,"$353,430,000","$7,02060 GNO","3,000,000 GNO"
OKT Chain,$16.47,"$345,881,582","$8,673527 OKT","21,000,000 OKT"
Magic,$1.01,"$344,400,547","$434,364426,840 MAGIC","339,645,510 MAGIC"
Osmosis,$0.58,"$344,855,323","$3,1295,404 OSMO","591,214,337 OSMO"
Enjin Coin,$0.34,"$335,000,000","$271,645820,323 ENJ",1.00B ENJ
Basic Attention Token,$0.22,"$326,400,000","$67,865313,254 BAT",1.50B BAT
FTX Token,$0.95,"$313,798,819","$145,138153,244 FTT","328,895,104 FTT"
Fetch.AI,$0.28,"$308,485,037","$1,778,5246,540,018 FET",1.11B FET
Alethea Artificial Liquid Intelligence T,$0.03,"$304,700,000","$131,2404,159,385 ALI",10.00B ALI
Balancer,$5.30,"$304,019,102","$28,0715,341 BAL","57,362,095 BAL"
DAO Maker,$1.13,"$309,958,642","$37,54633,269 DAO","274,648,220 DAO"
NEM,$0.03,"$301,611,024","$2,24166,871 XEM",9.00B XEM
Holo,$0.0016,"$284,093,829","$20,61912,891,441 HOT",177.62B HOT
Audius,$0.24,"$282,709,881","$32,466134,770 AUDIO",1.17B AUDIO
Gas,$2.82,"$282,013,600","$39,47513,998 GAS","100,000,000 GAS"
QTUM,$2.69,"$281,653,409","$3,1571,173 QTUM","104,684,123 QTUM"
Biconomy,$0.28,"$281,237,047","$3,44512,251 BICO",1.00B BICO
ABBC Coin,$0.19,"$280,516,424","$3,012,03916,106,219 ABBC",1.50B ABBC
Alchemy Pay,$0.03,"$279,500,000","$1,059,21937,416,100 ACH",10.00B ACH
Reserve Rights,$0.0028,"$280,000,000","$152,39755,233,741 RSR",100.00B RSR
Kusama,$28.24,"$272,550,381","$308,97511,234 KSM","9,651,217 KSM"
Threshold Network Token,$0.03,"$270,550,950","$23,361901,480 T",10.52B T
BTSE Token,$1.67,"$269,994,461","$1,026,734610,371 BTSE","162,061,501 BTSE"
Galxe,$1.34,"$267,260,880","$52,43539,239 GAL","200,000,000 GAL"
aelf,$0.30,"$264,412,331","$7,51725,016 ELF","880,000,000 ELF"
Locus Chain,$0.0033,"$22,865,968",$00 LOCUS,7.00B LOCUS
SXP,$0.46,"$261,599,238","$501,7341,086,770 SXP","566,630,999 SXP"
Ravencoin,$0.02,"$260,773,193","$333,10216,101,016 RVN",12.60B RVN
Wilder World,$0.52,"$260,450,000","$57,864110,433 WILD","500,000,000 WILD"
JUST,$0.03,"$261,407,008","$327,88312,417,581 JST",9.90B JST
Theta Fuel,$0.04,"$259,304,035","$19,679465,089 TFUEL",6.16B TFUEL
Symbol,$0.03,"$257,054,850","$3,386118,553 XYM",9.00B XYM
Amp,$0.0026,"$257,564,640","$180,52570,667,651 AMP",99.45B AMP
Ankr Network,$0.03,"$255,627,761","$139,0525,373,482 ANKR",9.76B ANKR
ssv.network,$23.06,"$255,419,044","$66,0102,863 SSV","11,076,871 SSV"
Orbs,$0.03,"$255,881,066","$27810,865 ORBS",10.00B ORBS
Ontology Gas,$0.25,"$246,391,834","$3,35713,626 ONGAS",1.00B ONGAS
DeFiChain,$0.35,"$246,823,324","$24,38870,049 DFI","708,933,264 DFI"
Bitcoin Gold,$12.49,"$242,173,615","$4,236339 BTG","19,394,911 BTG"
yearn.finance,"$6,549.47","$240,142,736","$19,4863 YFI","36,666 YFI"
ICON Project,$0.24,"$235,580,177","$20,39684,387 ICX","968,668,489 ICX"
Decred,$15.65,"$234,675,901","$50,6913,239 DCR","14,995,670 DCR"
JasmyCoin,$0.0046,"$231,500,000","$825,619178,461,228 JASMY",50.00B JASMY
Ontology,$0.23,"$227,350,734","$3,64916,049 ONT",1.00B ONT
IoTeX Network,$0.02,"$232,109,326","$28,9531,204,607 IOTX",9.45B IOTX
UMA,$1.98,"$225,571,495","$128,19863,878 UMA","113,695,310 UMA"
JOE,$0.46,"$223,917,437","$284,983624,647 JOE","490,798,925 JOE"
MiL.k,$0.33,"$221,321,177",$66201 MLK,"672,490,838 MLK"
0x,$0.22,"$221,100,000","$82,685375,609 ZRX",1.00B ZRX
VVS Finance,$0.000003,"$218,492,719","$58,90819,636,420,000 VVS",72588.94B VVS
Helium,$1.50,"$215,902,231","$9,7346,608 HNT","143,934,821 HNT"
Sushi,$0.86,"$214,746,320","$571,495668,560 SUSHI","248,981,240 SUSHI"
Moonbeam,$0.29,"$215,085,170","$18,06463,771 GLMR","746,823,506 GLMR"
Ethereum PoW,$1.95,"$210,570,505","$6,6323,406 ETHW","107,818,999 ETHW"
Highstreet,$2.08,"$207,700,000","$208,82099,791 HIGH","100,000,000 HIGH"
SafePal,$0.41,"$205,548,674","$3,8599,386 SFP","500,000,000 SFP"
Celer Network,$0.02,"$205,500,000","$60,8072,984,926 CELR",10.00B CELR
Harmony,$0.01,"$204,589,406","$3,964,640269,711,614 ONE",13.92B ONE
Ultra,$0.20,"$203,358,948","$3,64317,916 ULTRA",1.00B ULTRA
Pluton,$10.03,"$200,600,000","$44,0474,415 PLU","20,000,000 PLU"
Worldwide Asset eXchange,$0.05,"$202,665,210","$3,65968,064 WAXP",3.77B WAXP
Qredo,$0.10,"$200,800,000","$27,838274,862 QRDO",2.00B QRDO
Coin98,$0.20,"$197,900,000","$19,39298,210 C98",1.00B C98
Waves,$1.74,"$193,850,895","$21,60612,474 WAVES","111,600,976 WAVES"
Energy Web Token,$2.78,"$191,632,594","$286,983103,358 EWT","69,017,450 EWT"
Yield Guild Games,$0.19,"$189,900,000","$2,03210,834 YGG",1.00B YGG
Radicle,$1.89,"$188,997,318","$163,86087,873 RAD","99,998,581 RAD"
BORA,$0.16,"$189,055,959","$1711,092 BORA",1.21B BORA
Cartesi,$0.18,"$184,500,000","$140,962762,906 CTSI",1.00B CTSI
Braintrust,$0.73,"$183,270,587","$4,9586,764 BTRST","250,000,000 BTRST"
SKALE Network,$0.03,"$175,515,577","$95,4232,780,312 SKL",5.06B SKL
Kadena,$0.75,"$175,689,545","$119,370159,286 KDA","234,438,584 KDA"
Siacoin,$0.0032,"$176,088,945","$56,38117,434,051 SC",54.18B SC
Vulcan Forged,$3.45,"$172,400,000","$115,00333,470 PYR","50,000,000 PYR"
Rally,$0.01,"$171,494,883","$2,648,048231,614,644 RLY",15.00B RLY
Celsius Network,$0.23,"$161,480,827","$6,46527,716 CEL","692,753,441 CEL"
MOBOX,$0.41,"$165,473,490","$3,3318,107 MBOX","402,703,081 MBOX"
MobileCoin,$0.66,"$164,417,316","$45,08868,557 MOB","250,000,000 MOB"
XCAD Network,$0.84,"$167,564,824","$28,39233,689 XCAD","198,828,855 XCAD"
Linear,$0.02,"$163,328,460","$9,197,942563,156,096 LINA",10.00B LINA
Status Network Token,$0.02,"$162,840,543","$1,39258,106 SNT",6.80B SNT
API3,$1.30,"$162,025,363","$17,33413,495 API3","124,923,179 API3"
Flux,$0.55,"$162,234,198","$111,064196,707 FLUX","297,241,110 FLUX"
CoinEx Token,$0.03,"$161,645,437","$5,799171,813 CET",4.79B CET
Numeraire,$14.66,"$159,436,422","$49,1893,385 NMR","10,875,609 NMR"
Hive,$0.35,"$159,240,637","$42,973124,108 HIVE","459,892,343 HIVE"
dKargo,$0.03,"$152,439,896",$14455 DKA,5.00B DKA
Aragon,$3.64,"$157,086,998","$77,23921,262 ANT","43,167,628 ANT"
Golem Network Token,$0.21,"$154,864,729","$3,39316,362 GLM","746,848,655 GLM"
Telcoin,$0.0016,"$156,137,020","$18,03711,552,163 TEL",100.00B TEL
Power Ledger,$0.16,"$155,223,301","$32,939209,578 POWR","999,506,123 POWR"
Alien Worlds,$0.02,"$155,162,037","$91,1605,875,147 TLM",10.00B TLM
Ribbon Finance,$0.16,"$159,900,000","$46,758291,085 RBN",1.00B RBN
Nervos Network,$0.0037,"$152,714,203","$10,2892,807,300 CKB",41.54B CKB
Creditcoin,$0.30,"$152,343,351","$80,696265,393 CTC","501,025,366 CTC"
SuperVerse,$0.15,"$151,299,709","$192,9511,258,998 SUPER","999,998,077 SUPER"
Venus,$4.91,"$147,378,114","$2,159440 XVS","30,000,000 XVS"
Tokocrypto,$0.30,"$147,235,384","$3,37511,407 TKO","497,587,136 TKO"
TerraClassicUSD,$0.02,"$147,195,992","$96,7266,481,270 USTC",9.80B USTC
Band Protocol,$1.46,"$146,400,000","$142,89195,541 BAND","100,000,000 BAND"
Forta,$0.14,"$144,900,000","$545,5733,696,238 FORT",1.00B FORT
Livepeer,$5.19,"$145,605,443","$72,38413,872 LPT","28,054,999 LPT"
Stader,$0.96,"$143,310,000",$305318 SD,"150,000,000 SD"
Merit Circle,$0.22,"$142,223,630","$1,6957,745 MC","646,471,043 MC"
Kyber Network Crystal v2,$0.63,"$141,863,731","$27,88444,789 KNC","224,432,418 KNC"
Evmos,$0.14,"$140,904,140","$73,008518,136 EVMOS",1.00B EVMOS
Akash Network,$0.64,"$137,401,247","$92,719147,840 AKT","213,687,787 AKT"
Oxygen,$0.01,"$134,999,999","$1,854137,606 OXY",10.00B OXY
Magic Internet Money,$0.99,"$135,338,140",$308311 MIM,"136,319,641 MIM"
Gitcoin,$1.36,"$135,953,454","$3,5192,588 GTC","100,000,000 GTC"
TomoChain,$1.35,"$135,263,186","$1,886,5251,394,707 TOMO","100,000,000 TOMO"
Nest Protocol,$0.01,"$134,404,131","$22,2151,675,830 NEST",9.98B NEST
iExec,$1.54,"$133,892,669","$37,10924,278 RLC","86,999,785 RLC"
COTI,$0.07,"$135,380,000","$92,7401,370,452 COTI",2.00B COTI
Covalent,$0.13,"$134,100,000","$13,754102,941 CQT",1.00B CQT
OriginTrail,$0.27,"$132,840,481","$383,0201,441,656 TRAC","500,000,000 TRAC"
ECOMI,$0.0006,"$131,678,594","$3,8565,955,384 OMI",203.40B OMI
Everscale,$0.06,"$130,559,668","$6,762107,544 EVER",2.08B EVER
Phala Network,$0.13,"$129,800,000","$27,535210,161 PHA",1.00B PHA
SwissBorg,$0.13,"$129,617,141","$18,525140,920 CHSB","985,983,438 CHSB"
Polymath Network,$0.14,"$142,200,000","$368,8592,660,104 POLY",1.00B POLY
DigiByte,$0.0081,"$132,057,680","$33,0144,080,127 DGB",16.27B DGB
Storj,$0.30,"$127,967,499","$60,188200,677 STORJ","424,999,998 STORJ"
DODO,$0.13,"$127,120,930","$9737,627 DODO","996,437,867 DODO"
Liquity,$1.26,"$125,800,000","$123,52798,658 LQTY","100,000,000 LQTY"
PlayDapp,$0.18,"$123,690,986","$3,55320,109 PLA","700,000,000 PLA"
Santos FC Fan Token,$4.12,"$123,639,644","$116,77828,335 SANTOS","30,000,000 SANTOS"
Automata,$0.12,"$123,424,410","$3,47828,180 ATA",1.00B ATA
Lisk,$0.84,"$122,155,225","$5,0055,934 LSK","144,815,913 LSK"
Alpha Finance Lab,$0.12,"$121,500,000","$3,75631,783 ALPHA",1.00B ALPHA
Metis Token,$23.78,"$128,662,439","$66,2062,784 METIS","5,410,001 METIS"
Raydium,$0.22,"$120,560,868","$1,028,7644,735,895 RAY","554,999,839 RAY"
MAP Protocol,$0.01,"$119,774,204","$61751,485 MAP",10.00B MAP
My Neighbor Alice,$1.29,"$118,770,765","$3,3972,631 ALICE","92,000,000 ALICE"
Medibloc,$0.01,"$117,005,420","$3,855297,763 MED",9.04B MED
WazirX,$0.12,"$116,761,154","$3,51128,947 WRX","962,646,669 WRX"
RIF Token,$0.12,"$116,245,916","$3,84833,098 RIF",1.00B RIF
Polymesh,$0.15,"$113,041,791","$4,61231,916 POLYX","778,524,729 POLYX"
Horizen,$8.11,"$111,579,509","$22,1062,737 ZEN","13,758,263 ZEN"
OMG Network,$0.77,"$108,634,085","$75,35297,235 OMG","140,245,398 OMG"
SafeMoon V2,$0.0002,"$106,732,229","$245,2851,287,248,114 SFM",560.13B SFM
Decentralized Social,$10.07,"$106,563,384","$34,4283,422 DESO","10,582,263 DESO"
Secret,$0.40,"$103,139,564","$47,881120,606 SCRT","259,792,853 SCRT"
Centrifuge,$0.21,"$102,163,513","$62,650305,499 CFG","494,499,092 CFG"
Dero,$5.51,"$101,426,974","$14,1172,561 DERO","18,400,000 DERO"
Beta Finance,$0.10,"$101,800,000","$871,3048,623,630 BETA",1.00B BETA
Pundi X,$0.39,"$99,893,295","$3,8599,984 PUNDIX","258,433,177 PUNDIX"
Function X,$0.16,"$97,827,579","$5,59835,243 FX","615,884,232 FX"
Humanscape,$0.09,"$99,804,628","$1381,499 HUM",1.08B HUM
BitMart Token,$0.11,"$99,602,300","$456,6124,041,926 BMX","881,679,315 BMX"
Lazio Fan Token,$2.47,"$98,632,898","$3,5491,439 LAZIO","40,000,000 LAZIO"
Concordium,$0.0081,"$97,582,138","$5,031621,113 CCD",12.08B CCD
Origin Protocol,$0.10,"$98,350,000","$49,418508,451 OGN",1.00B OGN
AhaToken,$0.0065,"$97,997,076","$34653,013 AHT",15.00B AHT
Nano,$0.73,"$97,643,012","$42,47657,964 NANO","133,246,403 NANO"
Efinity,$0.05,"$97,100,000","$3,52872,451 EFI",2.00B EFI
Alpine F1 Team Fan Token,$2.39,"$95,721,366","$124,38151,976 ALPINE","40,000,000 ALPINE"
FC Porto,$2.39,"$95,416,486","$122,81851,487 PORTO","40,000,000 PORTO"
Ergo,$1.36,"$95,313,347","$3,4422,528 ERG","69,999,495 ERG"
Chain,$0.0018,"$94,102,190","$228,505131,154,391 XCN",53.47B XCN
SuperRare,$0.09,"$93,720,294","$3,61438,566 RARE",1.00B RARE
Litentry,$0.93,"$93,301,390","$4,9295,283 LIT","100,000,000 LIT"
Chroma,$0.16,"$93,004,281","$99,748608,432 CHR","567,296,409 CHR"
PayProtocol Paycoin,$0.08,"$154,127,623",$00 PCI,1.90B PCI
Telos,$0.22,"$92,035,587","$12,83258,559 TLOS","420,000,000 TLOS"
SysCoin,$0.13,"$91,680,102","$16,545127,466 SYS","697,187,086 SYS"
ZER0ZER0,$0.09,"$91,600,000","$70,490782,707 00",1.00B 00
NKN,$0.13,"$90,650,000","$397,7403,005,205 NKN","700,000,000 NKN"
SUKU,$0.06,"$90,300,000","$31,567518,609 SUKU",1.50B SUKU
Velo,$0.0036,"$86,826,952","$11932,864 VELO",24.00B VELO
LooksRare,$0.09,"$88,959,552","$9,962111,981 LOOKS",1.00B LOOKS
Request Network,$0.09,"$88,288,452","$26,135298,328 REQ","999,755,996 REQ"
Dent,$0.0009,"$87,700,000","$1,2331,404,000 DENT",100.00B DENT
Shentu,$0.73,"$87,422,046","$3,5834,931 CTK","120,315,851 CTK"
Perpetual Protocol,$0.58,"$86,355,000","$68,353118,862 PERP","150,000,000 PERP"
Civic,$0.09,"$85,600,000","$25,294296,161 CVC",1.00B CVC
Boba Network,$0.17,"$84,800,000","$19,770115,511 BOBA","500,000,000 BOBA"
Orion Protocol,$0.91,"$84,884,417","$28,89932,160 ORN","92,973,074 ORN"
Prometeus,$4.38,"$84,304,028","$3,460790 PROM","19,250,000 PROM"
STP Network,$0.04,"$82,092,829","$96,8312,223,227 STPT",1.88B STPT
Gods Unchained,$0.16,"$82,350,000","$31,515193,447 GODS","500,000,000 GODS"
MovieBloc,$0.0027,"$81,870,000","$2,8561,058,200 MBL",30.00B MBL
IDEX,$0.08,"$81,190,000","$95,6241,168,628 IDEX",1.00B IDEX
Steem,$0.19,"$81,165,275","$17,06491,259 STEEM","434,079,246 STEEM"
Spell Token,$0.0006,"$80,809,510","$115,300200,346,515 SPELL",139.52B SPELL
Paris Saint-Germain Fan Token,$4.03,"$80,176,186","$3,887964 PSG","19,890,000 PSG"
ARPA Chain,$0.06,"$80,738,544","$1,360,81222,747,572 ARPA",1.35B ARPA
Bella Protocol,$0.80,"$80,276,856","$3,4744,328 BEL","100,000,000 BEL"
Mango protocol,$0.02,"$77,499,995","$1,48193,979 MNGO",5.00B MNGO
VeChainThor,$0.0012,"$78,151,691","$32,97527,176,622 VTHO",63.23B VTHO
CEEK Smart VR Token,$0.08,"$77,439,747","$35,477458,125 CEEK",1.00B CEEK
Metal,$1.16,"$77,376,288","$327,258287,151 MTL","66,588,888 MTL"
Cream,$26.39,"$77,181,194","$3,458131 CREAM","2,924,546 CREAM"
REN,$0.08,"$76,529,972","$69,693921,147 REN","999,999,633 REN"
Tokemak,$0.74,"$74,240,859","$33,06144,533 TOKE","100,000,000 TOKE"
Ardor,$0.08,"$75,871,748","$19,455256,158 ARDR","998,999,495 ARDR"
WINk,$0.00008,"$81,149,897","$5,98673,300,569 WIN",993.70B WIN
Dusk Network,$0.15,"$75,116,745","$3,56723,744 DUSK","500,000,000 DUSK"
AirDAO,$0.01,"$74,339,461","$1,345,304114,932,072 AMB",6.35B AMB
Kin,$0.000007,"$72,999,262","$5,176713,837,780 KIN",9999.90B KIN
Marlin,$0.0090,"$72,462,889","$19,6852,188,106 POND",8.09B POND
Tokamak Network,$1.51,"$72,178,219","$6,6644,425 TON","47,921,993 TON"
Dopex,$143.17,"$71,584,640","$27,471192 DPX","500,000 DPX"
Star Atlas DAO,$0.20,"$70,595,739","$56,881288,365 POLIS","359,998,669 POLIS"
Moonriver,$6.49,"$70,246,048","$3,837591 MOVR","10,821,940 MOVR"
Star Atlas,$0.0019,"$69,083,946","$6,1913,220,445 ATLAS",36.00B ATLAS
Wrapped NXM,$28.28,"$66,964,875","$4,485159 WNXM","2,368,268 WNXM"
Stratis,$0.47,"$68,768,875","$1,5673,375 STRAX","146,879,271 STRAX"
Orchid Protocol,$0.07,"$66,400,000","$32,314489,090 OXT",1.00B OXT
DEAPCOIN,$0.0022,"$65,331,384","$9845,208 DEP",30.00B DEP
Loom Network,$0.05,"$65,467,491","$728,40114,463,994 LOOM",1.30B LOOM
Bancor Network Token,$0.42,"$65,068,894","$12,60630,410 BNT","156,227,837 BNT"
BNS token,$0.0002,"$60,972,257","$1,1484,685,467 BNS",248.87B BNS
QuarkChain,$0.0093,"$63,404,763","$108,83311,759,021 QKC",6.85B QKC
Maple,$6.34,"$63,400,000","$47,1887,580 MPL","10,000,000 MPL"
AirSwap,$0.12,"$61,928,708","$141,9111,145,757 AST","500,000,000 AST"
League of Kingdoms,$0.36,"$61,497,647","$9,65827,122 LOKA","171,637,308 LOKA"
Biswap,$0.26,"$129,503,240",$00 BSW,"497,897,772 BSW"
HUNT,$0.31,"$60,806,899",$00 HUNT,"198,912,688 HUNT"
Pocket Network,$0.04,"$57,639,959","$4,019112,693 POKT",1.62B POKT
XY Oracle,$0.0040,"$55,320,862","$80,01020,035,054 XYO",13.93B XYO
AERGO,$0.11,"$56,750,000","$9,85287,565 AERGO","500,000,000 AERGO"
FUN Token,$0.0051,"$55,922,774","$5,028989,068 FUN",11.00B FUN
Tranchess,$0.18,"$54,360,000","$5663,141 CHESS","300,000,000 CHESS"
Hathor,$0.06,"$54,396,902","$6,398108,316 HTR","920,881,640 HTR"
IQ,$0.0046,"$51,558,639",$00 IQ,11.14B IQ
Voxies,$0.18,"$53,910,000","$7,96644,635 VOXEL","300,000,000 VOXEL"
LCX,$0.06,"$52,820,000","$154,7542,789,559 LCX","950,000,000 LCX"
TrueFi,$0.04,"$53,570,750","$539,50411,493,386 TRU",1.20B TRU
Euro Tether,$1.07,"$53,576,306",$547511 EURT,"50,000,050 EURT"
Aavegotchi,$1.00,"$52,870,085","$3,5233,515 GHST","52,747,803 GHST"
Measurable Data Token,$0.05,"$51,990,000","$388,6837,353,660 MDT",1.00B MDT
Euler,$1.87,"$50,831,870","$2,1311,133 EUL","27,182,818 EUL"
DIA,$0.31,"$51,650,510","$9,11030,420 DIA","168,792,517 DIA"
AscendEX Token,$0.03,"$22,007,171",$00 ASD,"742,983,478 ASD"
Badger DAO,$2.45,"$51,450,000","$8,3643,456 BADGER","21,000,000 BADGER"
Reef,$0.0022,"$50,617,886","$4,0761,817,248 REEF",22.82B REEF
Opulous,$0.10,"$50,439,609","$3,58135,502 OPUL","500,000,000 OPUL"
Sologenic,$0.13,"$50,303,377","$3,80930,223 SOLO","399,121,880 SOLO"
HUMAN Token,$0.05,"$48,510,000","$1,82337,208 HMT",1.00B HMT
Aurora,$0.10,"$49,324,415","$71,249680,981 AURORA","478,877,815 AURORA"
dForce,$0.05,"$49,122,152","$3,54372,122 DF","999,926,147 DF"
Syntropy,$0.05,"$49,830,297","$29,219586,379 NOIA",1.00B NOIA
Acala,$0.05,"$48,000,000","$3,61575,539 ACA","999,999,998 ACA"
SelfKey,$0.0079,"$47,166,000","$147,83318,202,937 KEY",6.00B KEY
ARK,$0.27,"$45,882,910","$2,79710,410 ARK","170,774,563 ARK"
AC Milan Fan Token,$2.30,"$46,004,183","$2,7621,201 ACM","20,000,000 ACM"
Stafi,$0.35,"$45,902,337","$3,4169,681 FIS","130,097,703 FIS"
Unifi Protocol DAO,$4.56,"$45,641,277","$3,555779 UNFI","10,000,000 UNFI"
Goldfinch,$0.40,"$45,840,000","$18,13845,727 GFI","114,285,714 GFI"
Utrust,$0.09,"$45,574,633","$23,287255,486 UTK","500,000,000 UTK"
Ampleforth Governance Token,$2.93,"$44,822,839","$170,97156,522 FORTH","15,297,897 FORTH"
Ternoa,$0.02,"$41,747,393","$27,1461,625,602 CAPS",2.50B CAPS
StormX,$0.0044,"$43,603,890","$3,455792,273 STMX",10.00B STMX
Dawn Protocol,$0.56,"$43,156,139",$341605 DAWN,"76,588,157 DAWN"
Wanchain,$0.22,"$42,530,492","$96,360445,481 WAN","196,622,095 WAN"
Cere Network,$0.0042,"$42,271,020","$3,486824,568 CERE",10.00B CERE
Voyager Token,$0.14,"$41,391,264","$209,7581,483,551 VGX","293,347,018 VGX"
Aleph.im,$0.08,"$41,500,000","$29,444355,789 ALEPH","500,000,000 ALEPH"
Flamingo,$0.08,"$40,834,104","$3,80544,909 FLM","481,915,597 FLM"
PowerPool Concentrated Voting Power,$0.41,"$41,109,735","$3,9129,515 CVP","100,000,000 CVP"
Homeros,$0.0041,"$40,832,115","$17,4534,274,338 HMR",10.00B HMR
Terra Virtua Kolect,$0.03,"$40,980,000","$80,9152,392,382 TVK",1.20B TVK
Tap,$0.0041,"$40,607,455","$69,58117,040,743 XTP",9.94B XTP
Machine Xchange Coin,$0.02,"$39,896,199","$6,868452,778 MXC",2.64B MXC
Tornado Cash,$3.92,"$39,224,656","$3,370859 TORN","9,999,998 TORN"
Elastos,$1.52,"$38,189,956","$76,97649,511 ELA","25,158,074 ELA"
BakeryToken,$0.14,"$38,799,952","$3,49624,980 BAKE","277,237,400 BAKE"
Dego Finance,$1.85,"$38,797,859","$112,00560,625 DEGO","21,000,000 DEGO"
Enzyme,$18.30,"$37,872,124","$6,144336 MLN","2,069,254 MLN"
Klever,$0.0042,"$37,728,087","$3,474829,219 KLV",9.01B KLV
Alpaca Finance,$0.20,"$37,907,056","$3,63118,006 ALPACA","187,988,840 ALPACA"
Komodo,$0.28,"$38,039,928","$155,874564,153 KMD","137,677,517 KMD"
Wise Token,$0.08,"$37,991,342","$42,284506,427 WISE","455,012,156 WISE"
Sidus,$0.0013,"$37,888,909","$8,6897,014,653 SIDUS",29.53B SIDUS
SingularityDAO,$0.44,"$37,419,570","$40,26991,473 SDAO","85,000,000 SDAO"
Cortex,$0.18,"$37,614,073","$22,429126,759 CTXC","212,581,950 CTXC"
Bounce,$4.87,"$37,200,757","$3,501719 AUCTION","7,640,627 AUCTION"
YIELD App,$0.09,"$27,112,524",$00 YLD,"300,000,000 YLD"
BarnBridge,$3.71,"$37,100,000","$625,163167,061 BOND","10,000,000 BOND"
Phoenix Global [v2],$0.87,"$36,753,826","$86,07699,218 PHB","42,365,260 PHB"
ThunderCore,$0.0036,"$36,732,475","$3,447962,987 TT",10.26B TT
Velas,$0.01,"$35,467,743","$65245,183 VLX",2.46B VLX
Robonomics Network,$3.74,"$33,374,991","$33,5148,953 XRT","8,915,498 XRT"
Shping Coin,$0.0035,"$35,050,000","$35,35210,123,143 SHPING",10.00B SHPING
Boson Protocol,$0.18,"$35,520,000","$4,96728,066 BOSON","200,000,000 BOSON"
DREP,$0.35,"$35,190,000","$33,02991,879 DREP","100,000,000 DREP"
Polkastarter,$0.35,"$35,260,000","$3,92211,180 POLS","100,000,000 POLS"
sudoswap,$0.60,"$34,891,908","$15,88526,498 SUDO","58,056,419 SUDO"
DFI.money,$861.26,"$34,450,327",$00 YFII,"40,000 YFII"
UBIX Network,$0.00004,"$38,082,200","$78,5592,062,883,171 UBX",1000.00B UBX
Bonfida,$0.34,"$34,230,000","$20,62560,452 FIDA","100,000,000 FIDA"
Stox,$0.62,"$34,210,703","$3,5015,628 STOX","54,994,700 STOX"
Adventure Gold,$0.44,"$34,191,975","$33,48875,529 AGLD","77,270,001 AGLD"
TitanSwap,$2.07,"$2,070,732,659",$00 TITAN,1.00B TITAN
Beefy.Finance,$423.47,"$33,877,925","$3,3788 BIFI","80,000 BIFI"
Ampleforth,$1.12,"$33,906,723","$6,1235,469 AMPL","30,192,986 AMPL"
Metahero,$0.0034,"$33,556,709","$1,090321,100 HERO",9.77B HERO
Propy,$0.34,"$34,200,000","$18,71856,388 PRO","100,000,000 PRO"
Bluzelle,$0.07,"$33,300,000","$70,9761,067,450 BLZ","500,000,000 BLZ"
Ambire AdEx,$0.17,"$33,077,790","$52,001308,238 ADX","196,069,813 ADX"
Travala,$0.54,"$32,801,285","$20,04037,408 AVA","61,228,716 AVA"
Adshares,$0.84,"$32,485,082","$54,43264,944 ADS","38,758,206 ADS"
Fei Protocol,$0.95,"$32,864,196","$3,8104,004 FEI","34,539,944 FEI"
UniLend Finance,$0.32,"$32,312,747","$33,771104,513 UFT","100,000,000 UFT"
Keep3rV1,$67.02,"$32,162,644","$2,57138 KP3R","479,863 KP3R"
Verge,$0.0019,"$32,031,647","$7,7733,959,873 XVG",16.52B XVG
Burger Swap,$0.86,"$53,981,518",$00 BURGER,"63,000,000 BURGER"
Persistence,$0.18,"$30,181,280","$1,5838,845 XPRT","168,623,372 XPRT"
district0x,$0.03,"$29,126,909","$1,255,80543,114,926 DNT",1.00B DNT
Groestlcoin,$0.36,"$29,847,414","$13,75338,101 GRS","82,689,919 GRS"
Streamr,$0.03,"$29,481,205","$3,314113,914 DATA",1.01B DATA
Kava Lend,$0.15,"$29,323,294","$3,47423,692 HARD","200,000,000 HARD"
Nuls,$0.24,"$29,349,666","$28,811121,236 NULS","123,503,226 NULS"
Tellor,$11.69,"$29,044,753","$3,239277 TRB","2,484,319 TRB"
Kishu Inu,$0.0000000,"$36,859,554","$24,60964,621,703,408,729 KISHU",96789455.52B KISHU
Rarible,$1.16,"$28,950,000","$40,27734,552 RARI","25,000,000 RARI"
Alchemix,$16.95,"$28,285,679","$3,395200 ALCX","1,669,108 ALCX"
Contentos,$0.0060,"$28,228,200","$6,0751,014,600 CONT",4.70B CONT
REVV,$0.0090,"$26,905,074","$35,7373,984,832 REVV",3.00B REVV
Bitshares,$0.0093,"$27,722,852","$59,0656,381,750 BTS",3.00B BTS
WXT,$0.0027,"$27,419,184","$4,1511,513,959 WXT",10.00B WXT
Atletico de Madrid Fan Token,$2.70,"$26,951,918","$10,0763,738 ATM","10,000,000 ATM"
Refereum,$0.0054,"$27,036,469","$2,094387,279 RFR",5.00B RFR
Troy,$0.0027,"$27,038,362","$3,6401,346,408 TROY",10.00B TROY
Step App,$0.0057,"$26,404,000","$110,32018,306,370 FITFI",4.60B FITFI
RedFOX Labs,$0.01,"$24,916,046","$48,6163,862,669 RFOX",1.98B RFOX
AS Roma Fan Token,$3.64,"$36,431,243",$00 ASR,"9,995,000 ASR"
OG Fan Token,$5.09,"$25,465,629","$108,88421,379 OG","5,000,000 OG"
ONBUFF,$0.03,"$25,364,673","$47,5471,443,545 ONIT","770,075,466 ONIT"
Wing Finance,$5.62,"$25,170,246","$3,337594 WING","4,480,984 WING"
pSTAKE Finance,$0.05,"$25,110,000","$99519,529 PSTAKE","500,000,000 PSTAKE"
Akropolis,$0.0050,"$24,955,000","$69,37814,178,287 AKRO",5.00B AKRO
LBK,$0.0006,"$1,143,299",$00 LBK,2.00B LBK
Fusion,$0.33,"$24,323,514","$4,09812,527 FSN","74,355,163 FSN"
Efforce,$0.02,"$23,991,786","$3,194133,144 WOZX",1.00B WOZX
Dora Factory,$2.40,"$24,029,868","$3,7141,546 DORA","10,000,000 DORA"
Crust Network,$1.08,"$30,523,317",$00 CRU,"28,145,034 CRU"
SOLVE,$0.02,"$23,682,627","$113,5874,796,202 SOLVE",1.00B SOLVE
ShapeShift FOX Token,$0.02,"$23,600,032","$26,2951,117,070 FOX",1.00B FOX
Oax,$0.23,"$23,056,534","$363,7451,577,622 OAX","100,000,000 OAX"
FIO Protocol,$0.03,"$22,956,240","$3,416128,246 FIO","861,769,265 FIO"
BSCPAD,$0.12,"$21,499,458","$3,96032,344 BSCPAD","175,600,000 BSCPAD"
Mdex (BSC),$0.07,"$22,136,924","$136,7641,924,961 MDX","311,577,543 MDX"
Mines of Dalarnia,$0.14,"$22,128,000","$40,445294,394 DAR","160,000,000 DAR"
ForTube,$0.02,"$22,049,342","$391,34217,748,459 FOR",1.00B FOR
Cudos,$0.0024,"$21,930,795","$18,2237,438,209 CUDOS",8.95B CUDOS
BABB,$0.0003,"$21,364,114","$8,18725,291,376 BAX",66.00B BAX
KardiaChain,$0.0041,"$20,416,058","$6,1511,506,498 KAI",5.00B KAI
Multiverse,$0.0009,"$21,519,000",$00 AI,25.00B AI
Firo,$1.72,"$21,401,948","$11,3776,613 FIRO","12,440,150 FIRO"
Brazilian Digital Token,$0.16,"$24,131,780",$00 BRZ,"150,000,000 BRZ"
Tamadoge,$0.01,"$14,667,647",$00 TAMA,1.42B TAMA
Presearch,$0.04,"$20,824,379","$8,546205,192 PRE","500,000,000 PRE"
Ellipsis X,$0.0003,"$20,870,879","$18,28559,228,900 EPX",66.49B EPX
Samoyedcoin,$0.0036,"$20,416,403","$18,6595,050,888 SAMO",5.74B SAMO
HOPR,$0.05,"$20,306,000","$3,35265,694 HOPR","397,915,367 HOPR"
Trustswap,$0.24,"$24,495,767",$00 SWAP,"99,995,164 SWAP"
PERL.eco,$0.02,"$20,258,605","$3,541179,162 PERL",1.02B PERL
apM Coin,$0.0090,"$16,282,075",$00 APM,1.81B APM
WOM,$0.02,"$19,441,269","$3,458177,881 WOM",1.00B WOM
DerivaDAO,$0.36,"$19,422,030","$597,9301,644,192 DDX","53,225,623 DDX"
VITE,$0.02,"$19,327,521","$16,441850,653 VITE",1.00B VITE
MIXMARVEL,$0.0020,"$19,612,642","$3,2881,676,583 MIX",10.00B MIX
Harvest Finance,$27.56,"$19,004,253","$43,5701,586 FARM","689,559 FARM"
Serum,$0.07,"$18,875,520","$55,495766,634 SRM","261,000,003 SRM"
Trias,$3.72,"$18,606,141","$29,9698,054 TRIAS","5,000,000 TRIAS"
DeepBrain Chain,$0.0037,"$18,470,158","$3,7391,012,291 DBC",5.00B DBC
Nimiq,$0.0016,"$18,406,533","$16,73110,243,579 NIM",11.27B NIM
Maro,$0.02,"$17,925,944","$43,7951,892,725 MARO","774,720,980 MARO"
Scallop,$0.18,"$18,268,319","$3,63619,906 SCLP","100,000,000 SCLP"
DAD,$0.02,"$17,966,428","$439,86524,482,623 DAD",1.00B DAD
MATH,$0.09,"$17,873,994","$7,47683,114 MATH","198,379,509 MATH"
Clover Finance,$0.05,"$17,930,470","$55,0731,208,829 CLV","389,792,826 CLV"
Private Instant Verified Transaction,$0.23,"$17,347,311","$256,0501,092,455 PIVX","74,013,547 PIVX"
Kleros,$0.02,"$17,151,165","$34,5491,540,250 PNK","764,626,704 PNK"
Sylo,$0.0017,"$17,260,000","$36,68421,054,410 SYLO",10.00B SYLO
ArcBlock,$0.09,"$16,870,200","$45,061496,528 ABT","186,000,000 ABT"
SONM,$0.38,"$16,921,108","$166,125435,903 SNM","44,400,000 SNM"
Hacken Token,$0.02,"$16,789,045","$3,343193,338 HAI","971,049,253 HAI"
UniBright,$0.11,"$16,388,933","$36,405333,193 UBT","150,000,000 UBT"
Frontier,$0.18,"$16,341,283","$8,96349,365 FRONT","90,000,000 FRONT"
Circuits of Value,$0.0093,"$16,497,069","$75,4168,160,073 COVAL",1.78B COVAL
Divi Project,$0.05,"$184,178,790",$00 DIVI,3.43B DIVI
Fractal,$0.04,"$16,513,622","$27,603739,001 FCL","451,191,864 FCL"
Dock.io,$0.02,"$16,135,553","$42,6972,413,073 DOCK","911,911,501 DOCK"
Ooki,$0.0032,"$15,959,077","$43,38513,065,771 OOKI",4.95B OOKI
Cryptocean,$0.16,"$15,846,253","$8,59854,258 CRON","100,000,000 CRON"
Olympus,$57.31,"$15,970,821","$3,78166 OHM","278,652 OHM"
Assemble Protocol,$0.01,"$15,711,188","$921,86981,058,479 ASM",1.49B ASM
Phantasma,$0.13,"$15,768,536","$4,46733,943 SOUL","119,826,149 SOUL"
Matrix AI Network,$0.02,"$14,290,139","$4,156206,515 MAN","710,006,930 MAN"
DeFiPulse Index,$65.43,"$14,958,409","$33,214508 DPI","228,630 DPI"
LATOKEN,$0.04,"$14,909,412","$4,208112,826 LA","399,781,002 LA"
Lambda,$0.0024,"$14,699,804","$60,74924,795,788 LAMB",6.00B LAMB
DigitalBits,$0.0008,"$16,333,116","$1,7052,087,785 XDGB",20.00B XDGB
Hector Finance,$3.00,"$10,608,649",$00 HEC,"3,536,334 HEC"
Dvision Network,$0.01,"$14,357,216","$32,3322,251,940 DVI",1.00B DVI
PARSIQ,$0.12,"$14,465,945","$107,756934,537 PRQ","121,256,872 PRQ"
StarLink,$0.000001,"$13,301,216","$30,37322,786,844,223 STARL",9979.17B STARL
Wrapped Axelar,$0.43,"$14,049,551","$100,295225,055 WAXL","32,364,780 WAXL"
Cryptex,$1.37,"$13,700,000","$6,3234,592 CTX","10,000,000 CTX"
Wrapped Centrifuge,$0.21,"$13,956,285","$11,76957,582 WCFG","67,421,666 WCFG"
Cosplay Token,$0.01,"$14,155,367",$00 COSP,1.00B COSP
Shiden Network,$0.24,"$13,645,797","$3,82416,210 SDN","57,840,059 SDN"
Newscrypto Coin,$0.09,"$13,381,372","$3,62239,245 NWC","145,005,054 NWC"
Wrapped NCG,$0.08,"$12,701,689","$31,658405,120 WNCG","162,538,128 WNCG"
LGCY Network,$0.0001,"$13,328,980","$30,690230,252,826 LGCY",100.00B LGCY
Kryll,$0.27,"$13,392,101","$84,701319,038 KRL","49,417,348 KRL"
Viberate,$0.06,"$12,685,387","$28,323446,542 VIB","200,000,000 VIB"
Mirror Protocol,$0.03,"$12,228,975","$76,2812,385,944 MIR","370,575,000 MIR"
Quantstamp,$0.01,"$12,351,996","$106,0658,274,132 QSP","976,442,388 QSP"
dHedge DAO,$0.35,"$35,329,414",$00 DHT,"100,000,000 DHT"
Inverse Finance,$37.51,"$11,441,025","$3,60396 INV","305,000 INV"
pNetwork Token,$0.13,"$11,039,380","$3,56728,425 PNT","87,975,229 PNT"
TE-FOOD,$0.01,"$11,215,385","$36,1913,226,937 TONE",1.00B TONE
SWFTCoin,$0.0011,"$11,310,000","$408,457337,564,192 SWFTC",10.00B SWFTC
SymVerse,$0.02,"$15,537,782",$00 SYM,1.00B SYM
Proton,$0.0011,"$10,888,744","$3,9883,662,672 XPR",10.00B XPR
Carbon,$0.0057,"$10,087,985",$00 SWTH,1.77B SWTH
SENATE,$0.03,"$10,088,707","$31,215905,705 SENATE","294,732,910 SENATE"
Anchor Protocol,$0.0097,"$9,711,114","$8,520877,315 ANC",1.00B ANC
Big Data Protocol,$0.15,"$9,769,923","$3,77625,093 BDP","64,923,253 BDP"
Chain Guardians,$0.07,"$8,381,263","$33,408478,320 CGG","120,000,000 CGG"
NFTX,$14.22,"$9,243,076","$32,7302,302 NFTX","650,000 NFTX"
PlanetWatch,$0.0020,"$9,040,500","$3,8641,828,652 PLANETS",4.50B PLANETS
Validity,$1.82,"$8,819,904","$117,41864,620 VAL","4,853,945 VAL"
BEPRO Network,$0.0009,"$8,759,044","$3,5504,052,772 BEPRO",10.00B BEPRO
ShareToken,$0.0019,"$8,203,187","$32,58517,462,100 SHR",4.40B SHR
Loon Network,$0.0041,"$8,531,915","$3,630890,883 LOON",2.09B LOON
V Systems,$0.0014,"$8,615,829","$5,8844,342,524 VSYS",6.33B VSYS
NagaCoin,$0.10,"$8,165,320","$1051,000 NGC","77,910,266 NGC"
Decimated,$0.02,"$19,745,932",$00 DIO,1.00B DIO
Geojam,$0.0010,"$8,048,000","$36,93736,074,618 GEOJ",8.00B GEOJ
Karura,$0.08,"$8,000,000","$7,15592,763 KAR","100,000,000 KAR"
BOSAGORA,$0.02,"$7,227,404",$00 BOA,"450,000,000 BOA"
Gameswap,$0.38,"$7,509,928","$28,31975,418 GSWAP","20,000,000 GSWAP"
Vertcoin,$0.11,"$7,539,356","$92,154817,706 VTC","66,898,461 VTC"
Jupiter,$0.0069,"$6,925,000","$103,22514,827,096 JUP",1.00B JUP
Sweat Economy,$0.0070,"$7,466,868","$1,695247,414 SWEAT",1.06B SWEAT
Oxen,$0.12,"$7,297,820","$39,711344,708 OXEN","63,348,872 OXEN"
Project WITH,$0.0068,"$7,198,729","$1,427209,688 WIKEN",1.06B WIKEN
InsurAce,$0.07,"$7,045,318","$3,48149,415 INSUR","100,000,000 INSUR"
Ispolink,$0.0007,"$6,980,562","$40,39155,822,900 ISP",9.65B ISP
Exeedme,$0.07,"$6,654,864","$30,270454,856 XED","100,000,000 XED"
MANTRA,$0.03,"$6,480,448","$3,788129,191 OM","221,000,000 OM"
WaykiChain,$0.03,"$6,077,919","$3,103107,196 WICC","210,000,000 WICC"
WHALE,$0.58,"$5,796,111","$31,31754,031 WHALE","10,000,000 WHALE"
Cashaa,$0.0060,"$5,988,710","$50,3718,411,024 CAS",1.00B CAS
Crypterium,$0.06,"$5,894,716","$21,523346,696 CRPT","95,383,752 CRPT"
Bondly,$0.0056,"$5,506,391","$32,9945,893,860 BONDLY","983,620,759 BONDLY"
HAPI,$9.19,"$5,515,505","$33,0123,594 HAPI","600,463 HAPI"
Modefi,$0.24,"$5,382,919","$32,810134,095 MOD","22,000,000 MOD"
Muse DAO,$5.49,"$5,211,459","$31,8915,813 MUSE","950,001 MUSE"
VideoCoin,$0.02,"$5,158,109","$20,892996,736 VID","246,087,301 VID"
Waltonchain,$0.19,"$5,114,440","$52,555276,202 WTC","26,878,827 WTC"
Waves Enterprise,$0.01,"$5,255,339","$3,005228,707 WEST","399,999,637 WEST"
